{
    "timestamp": "2026-01-27 18:11:34",
    "config": {
        "epochs": 5,
        "batch_size": 128,
        "lr": 1e-05
    },
    "best_metrics": {
        "epoch": 5,
        "loss": 222.22987365722656,
        "mae": 14.193389892578125,
        "accuracy_percent": 15.845802307128906,
        "r2": -9.929525375366211
    }
}