{
    "timestamp": "2026-01-27 18:37:06",
    "config": {
        "epochs": 500,
        "batch_size": 128,
        "lr": 1e-05
    },
    "best_metrics": {
        "epoch": 448,
        "loss": 5.006837844848633,
        "mae": 1.5914969444274902,
        "accuracy_percent": 89.97816467285156,
        "r2": 0.7520516514778137
    }
}